StartDate,EndDate,Status,IPAddress,Progress,Duration (in seconds),Finished,RecordedDate,ResponseId,RecipientLastName,RecipientFirstName,RecipientEmail,ExternalReference,LocationLatitude,LocationLongitude,DistributionChannel,UserLanguage,Q1,Q1.1,Q1.2,Q1.2_3_TEXT,Q1.3,Q1.3_7_TEXT,Q1.4,Q2.1_1,Q2.1_2,Q2.1_3,Q2.1_4,Q2.1_5,Q2.1_6,Q2.1_7,Q2.1_8,Q2.1_9,Q2.1_10,Q2.1_11,Q2.1_12,Q2.1_13,Q2.1_14,Q2.1_15,Q2.1_16,Q2.2_1,Q2.2_2,Q2.2_3,Q2.2_4,Q2.2_5,Q2.2_6,Q2.2_7,Q2.2_8,Q2.2_9,Q2.2_10,Q2.2_11,Q2.2_12,Q2.2_13,Q2.2_14,Q2.2_15,Q2.2_16,Q3.1_1,Q3.1_2,Q3.1_3,Q3.1_4,Q3.1_5,Q3.1_6,Q3.1_7,Q3.1_8,Q3.1_9,Q3.1_10,Q3.1_11,Q3.1_12,Q3.1_13,Q21_1,Q21_2,Q21_3,Q21_4,Q21_5,Q21_6,Q21_7,Q21_8,Q21_9,Q21_10,Q21_11,Q21_12,Q4.1,Q4.2,Q4.3,Q23,Q5_1,Q5_7,Q5_8,Q5_9,Q5_10,Q5_11,Q5_12,Q5_13,Q5_2,Q5_14,Q5_3,Q5_4,Q24,Q24,Q_URL,Q1.1 - Parent Topics,Q1.1 - Sentiment Polarity,Q1.1 - Sentiment Score,Q1.1 - Sentiment,Q1.1 - Topic Sentiment Label,Q1.1 - Topic Sentiment Score,Q1.1 - Topics
Start Date,End Date,Response Type,IP Address,Progress,Duration (in seconds),Finished,Recorded Date,Response ID,Recipient Last Name,Recipient First Name,Recipient Email,External Data Reference,Location Latitude,Location Longitude,Distribution Channel,User Language,What is your participant ID?,What is your age?,What is your sex? - Selected Choice,What is your sex? - Other - Text,What is your ethnicity? - Selected Choice,What is your ethnicity? - Other - Text,What is your academic status?,"When you decide whether something is right or wrong, to what extent are 
the following considerations relevant to your thinking? Please rate each
 statement below. - Whether or not someone suffered emotionally","When you decide whether something is right or wrong, to what extent are 
the following considerations relevant to your thinking? Please rate each
 statement below. - Whether or not some people were treated differently than others","When you decide whether something is right or wrong, to what extent are 
the following considerations relevant to your thinking? Please rate each
 statement below. - Whether or not someone's action showed love for his or her country","When you decide whether something is right or wrong, to what extent are 
the following considerations relevant to your thinking? Please rate each
 statement below. - Whether or not someone showed a lack of respect for authority","When you decide whether something is right or wrong, to what extent are 
the following considerations relevant to your thinking? Please rate each
 statement below. - Whether or not someone violated standards of purity and decency","When you decide whether something is right or wrong, to what extent are 
the following considerations relevant to your thinking? Please rate each
 statement below. - Whether or not someone was good at math","When you decide whether something is right or wrong, to what extent are 
the following considerations relevant to your thinking? Please rate each
 statement below. - Whether or not someone cared for someone weak or vulnerable","When you decide whether something is right or wrong, to what extent are 
the following considerations relevant to your thinking? Please rate each
 statement below. - Whether or not someone acted unfairly","When you decide whether something is right or wrong, to what extent are 
the following considerations relevant to your thinking? Please rate each
 statement below. - Whether or not someone did something to betray his or her group","When you decide whether something is right or wrong, to what extent are 
the following considerations relevant to your thinking? Please rate each
 statement below. - Whether or not someone conformed to the traditions of society","When you decide whether something is right or wrong, to what extent are 
the following considerations relevant to your thinking? Please rate each
 statement below. - Whether or not someone did something disgusting","When you decide whether something is right or wrong, to what extent are 
the following considerations relevant to your thinking? Please rate each
 statement below. - Whether or not someone was cruel","When you decide whether something is right or wrong, to what extent are 
the following considerations relevant to your thinking? Please rate each
 statement below. - Whether or not someone was denied his or her rights","When you decide whether something is right or wrong, to what extent are 
the following considerations relevant to your thinking? Please rate each
 statement below. - Whether or not someone showed a lack of loyalty","When you decide whether something is right or wrong, to what extent are 
the following considerations relevant to your thinking? Please rate each
 statement below. - Whether or not an action caused chaos or disorder","When you decide whether something is right or wrong, to what extent are 
the following considerations relevant to your thinking? Please rate each
 statement below. - Whether or not someone acted in a way that God would approve of",Please read the following sentences and indicate your agreement or disagreement. - Compassion for those who are suffering is the most crucial virtue.,"Please read the following sentences and indicate your agreement or disagreement. - When the government makes laws, the number one principle should be ensuring that everyone is treated fairly.",Please read the following sentences and indicate your agreement or disagreement. - I am proud of my country's history.,Please read the following sentences and indicate your agreement or disagreement. - Respect for authority is something all children need to learn.,"Please read the following sentences and indicate your agreement or disagreement. - People should not do things that are disgusting, even if no one is harmed.",Please read the following sentences and indicate your agreement or disagreement. - It is better to do good than to do bad.,Please read the following sentences and indicate your agreement or disagreement. - One of the worst things a person could do is hurt a defenseless animal.,Please read the following sentences and indicate your agreement or disagreement. - Justice is the most important requirement for a society.,"Please read the following sentences and indicate your agreement or disagreement. - People should be loyal to their family members, even when they have done something wrong.",Please read the following sentences and indicate your agreement or disagreement. - Men and women each have different roles to play in society.,Please read the following sentences and indicate your agreement or disagreement. - I would call some acts wrong on the grounds that they are unnatural.,Please read the following sentences and indicate your agreement or disagreement. - It can never be right to kill a human being.,Please read the following sentences and indicate your agreement or disagreement. - I think it's morally wrong that rich children inherit a lot of money while poor children inherit nothing.,Please read the following sentences and indicate your agreement or disagreement. - It is more important to be a team player than to express oneself.,"Please read the following sentences and indicate your agreement or disagreement. - If I were a soldier and disagreed with my commanding officer's orders, I would obey anyway because that is my duty.",Please read the following sentences and indicate your agreement or disagreement. - Chastity is an important and valuable virtue.,"Please indicate true or false for the following statements. - I might be willing to try eating monkey meat, under some circumstances.",Please indicate true or false for the following statements. - It would bother me to see a rat run across my path in a park.,Please indicate true or false for the following statements. - Seeing a cockroach in someone else’s house doesn’t bother me.,Please indicate true or false for the following statements. - It bothers me to hear someone clear a throat full of mucus.,"Please indicate true or false for the following statements. - If I see someone vomit, it makes me sick to my stomach.","Please indicate true or false for the following statements. - It would bother me to be in a science class, and see a human hand preserved in a jar.",Please indicate true or false for the following statements. - It would not upset me at all to watch a person with a glass eye take the eye out of the socket.,Please indicate true or false for the following statements. - It would bother me tremendously to touch a dead body.,Please indicate true or false for the following statements. - I would go out of my way to avoid walking through a graveyard.,Please indicate true or false for the following statements. - I never let any part of my body touch the toilet seat in a public washroom.,Please indicate true or false for the following statements. - I probably would not go to my favorite restaurant if I found out that the cook had a cold.,"Please indicate true or false for the following statements. - Even if I was hungry, I would not drink a bowl of my favorite soup it if had been stirred with a used but thoroughly washed flyswatter.",Please indicate true or false for the following statements. - It would bother me to sleep in a nice hotel room if I knew that a man had died of a heart attack in that room the night before.,Please rate how disgusting you would find the following experiences. - If you see someone put ketchup on vanilla ice cream and eat it.,Please rate how disgusting you would find the following experiences. - You are about to drink a glass of milk when you smell that it is spoiled.,Please rate how disgusting you would find the following experiences. - You see maggots on a piece of meat in an outdoor garbage pail.,Please rate how disgusting you would find the following experiences. - You are walking barefoot on concrete and step on an earthworm.,"Please rate how disgusting you would find the following experiences. - While you are walking through a tunnel under a railroad track, you smell urine.",Please rate how disgusting you would find the following experiences. - You see a man with his intestines exposed after an accident.,Please rate how disgusting you would find the following experiences. - Your friend’s pet cat dies and you have to pick up the dead body with your bare hands.,Please rate how disgusting you would find the following experiences. - You accidentally touch the ashes of a person who has been cremated.,Please rate how disgusting you would find the following experiences. - You take a sip of soda and realize that you drank from the glass that an acquaintance of yours had been drinking from.,Please rate how disgusting you would find the following experiences. - You discover that a friend of yours changes underwear only once a week.,Please rate how disgusting you would find the following experiences. - A friend offers you a piece of chocolate shaped like dog-doo.,"Please rate how disgusting you would find the following experiences. - As part of a sex education class, you are required to inflate a new lubricated condom, using your mouth.",Is English your first language?,At what age did you first learn English?,At what age did you feel comfortable speaking English?,Are you predominantly right or left handed?,"Please indicate the extent to which you feel positive or negative towards each issue. Scores of 0 indicate greater negativity, and scores of 100 indicate greater positivity. Scores of 50 indicate that you feel neutral about the issue - Abortion","Please indicate the extent to which you feel positive or negative towards each issue. Scores of 0 indicate greater negativity, and scores of 100 indicate greater positivity. Scores of 50 indicate that you feel neutral about the issue - Limited Government","Please indicate the extent to which you feel positive or negative towards each issue. Scores of 0 indicate greater negativity, and scores of 100 indicate greater positivity. Scores of 50 indicate that you feel neutral about the issue - Military and National Security","Please indicate the extent to which you feel positive or negative towards each issue. Scores of 0 indicate greater negativity, and scores of 100 indicate greater positivity. Scores of 50 indicate that you feel neutral about the issue - Religion","Please indicate the extent to which you feel positive or negative towards each issue. Scores of 0 indicate greater negativity, and scores of 100 indicate greater positivity. Scores of 50 indicate that you feel neutral about the issue - Welfare Benefits","Please indicate the extent to which you feel positive or negative towards each issue. Scores of 0 indicate greater negativity, and scores of 100 indicate greater positivity. Scores of 50 indicate that you feel neutral about the issue - Gun Ownership","Please indicate the extent to which you feel positive or negative towards each issue. Scores of 0 indicate greater negativity, and scores of 100 indicate greater positivity. Scores of 50 indicate that you feel neutral about the issue - Traditional Marriage","Please indicate the extent to which you feel positive or negative towards each issue. Scores of 0 indicate greater negativity, and scores of 100 indicate greater positivity. Scores of 50 indicate that you feel neutral about the issue - Traditional Values","Please indicate the extent to which you feel positive or negative towards each issue. Scores of 0 indicate greater negativity, and scores of 100 indicate greater positivity. Scores of 50 indicate that you feel neutral about the issue - Fiscal Responsibility","Please indicate the extent to which you feel positive or negative towards each issue. Scores of 0 indicate greater negativity, and scores of 100 indicate greater positivity. Scores of 50 indicate that you feel neutral about the issue - Business","Please indicate the extent to which you feel positive or negative towards each issue. Scores of 0 indicate greater negativity, and scores of 100 indicate greater positivity. Scores of 50 indicate that you feel neutral about the issue - The Family Unit","Please indicate the extent to which you feel positive or negative towards each issue. Scores of 0 indicate greater negativity, and scores of 100 indicate greater positivity. Scores of 50 indicate that you feel neutral about the issue - Patriotism","In general, how would you describe your political orientation?","In general, how important is religion in your life?",Q_URL,Q1.1 - Parent Topics,Q1.1 - Sentiment Polarity,Q1.1 - Sentiment Score,Q1.1 - Sentiment,Q1.1 - Topic Sentiment Label,Q1.1 - Topic Sentiment Score,Q1.1 - Topics
"{""ImportId"":""startDate"",""timeZone"":""America/Los_Angeles""}","{""ImportId"":""endDate"",""timeZone"":""America/Los_Angeles""}","{""ImportId"":""status""}","{""ImportId"":""ipAddress""}","{""ImportId"":""progress""}","{""ImportId"":""duration""}","{""ImportId"":""finished""}","{""ImportId"":""recordedDate"",""timeZone"":""America/Los_Angeles""}","{""ImportId"":""_recordId""}","{""ImportId"":""recipientLastName""}","{""ImportId"":""recipientFirstName""}","{""ImportId"":""recipientEmail""}","{""ImportId"":""externalDataReference""}","{""ImportId"":""locationLatitude""}","{""ImportId"":""locationLongitude""}","{""ImportId"":""distributionChannel""}","{""ImportId"":""userLanguage""}","{""ImportId"":""QID11_TEXT""}","{""ImportId"":""QID15_TEXT""}","{""ImportId"":""QID19""}","{""ImportId"":""QID19_3_TEXT""}","{""ImportId"":""QID16""}","{""ImportId"":""QID16_7_TEXT""}","{""ImportId"":""QID17""}","{""ImportId"":""QID1_1""}","{""ImportId"":""QID1_2""}","{""ImportId"":""QID1_3""}","{""ImportId"":""QID1_4""}","{""ImportId"":""QID1_5""}","{""ImportId"":""QID1_6""}","{""ImportId"":""QID1_7""}","{""ImportId"":""QID1_8""}","{""ImportId"":""QID1_9""}","{""ImportId"":""QID1_10""}","{""ImportId"":""QID1_11""}","{""ImportId"":""QID1_12""}","{""ImportId"":""QID1_13""}","{""ImportId"":""QID1_14""}","{""ImportId"":""QID1_15""}","{""ImportId"":""QID1_16""}","{""ImportId"":""QID3_1""}","{""ImportId"":""QID3_2""}","{""ImportId"":""QID3_3""}","{""ImportId"":""QID3_4""}","{""ImportId"":""QID3_5""}","{""ImportId"":""QID3_6""}","{""ImportId"":""QID3_7""}","{""ImportId"":""QID3_8""}","{""ImportId"":""QID3_9""}","{""ImportId"":""QID3_10""}","{""ImportId"":""QID3_11""}","{""ImportId"":""QID3_12""}","{""ImportId"":""QID3_13""}","{""ImportId"":""QID3_14""}","{""ImportId"":""QID3_15""}","{""ImportId"":""QID3_16""}","{""ImportId"":""QID21_1""}","{""ImportId"":""QID21_2""}","{""ImportId"":""QID21_3""}","{""ImportId"":""QID21_4""}","{""ImportId"":""QID21_5""}","{""ImportId"":""QID21_6""}","{""ImportId"":""QID21_7""}","{""ImportId"":""QID21_8""}","{""ImportId"":""QID21_9""}","{""ImportId"":""QID21_10""}","{""ImportId"":""QID21_11""}","{""ImportId"":""QID21_12""}","{""ImportId"":""QID21_13""}","{""ImportId"":""QID23_1""}","{""ImportId"":""QID23_2""}","{""ImportId"":""QID23_3""}","{""ImportId"":""QID23_4""}","{""ImportId"":""QID23_5""}","{""ImportId"":""QID23_6""}","{""ImportId"":""QID23_7""}","{""ImportId"":""QID23_8""}","{""ImportId"":""QID23_9""}","{""ImportId"":""QID23_10""}","{""ImportId"":""QID23_11""}","{""ImportId"":""QID23_12""}","{""ImportId"":""QID4""}","{""ImportId"":""QID5""}","{""ImportId"":""QID6""}","{""ImportId"":""QID25""}","{""ImportId"":""QID8_1""}","{""ImportId"":""QID8_7""}","{""ImportId"":""QID8_8""}","{""ImportId"":""QID8_9""}","{""ImportId"":""QID8_10""}","{""ImportId"":""QID8_11""}","{""ImportId"":""QID8_12""}","{""ImportId"":""QID8_13""}","{""ImportId"":""QID8_2""}","{""ImportId"":""QID8_14""}","{""ImportId"":""QID8_3""}","{""ImportId"":""QID8_4""}","{""ImportId"":""QID26""}","{""ImportId"":""QID24""}","{""ImportId"":""Q_URL""}","{""ImportId"":""QID15_TEXT_5665ce981591466898c5ec3aParTopics""}","{""ImportId"":""QID15_TEXT_5665ce981591466898c5ec3aSenPol""}","{""ImportId"":""QID15_TEXT_5665ce981591466898c5ec3aSenScore""}","{""ImportId"":""QID15_TEXT_5665ce981591466898c5ec3aSentiment""}","{""ImportId"":""QID15_TEXT_5665ce981591466898c5ec3aTopicSenLabel""}","{""ImportId"":""QID15_TEXT_5665ce981591466898c5ec3aTopicSenScore""}","{""ImportId"":""QID15_TEXT_5665ce981591466898c5ec3aTopics""}"
2019-04-29 16:51:30,2019-04-29 17:21:17,IP Address,128.111.149.100,100,1786,True,2019-04-29 17:21:17,R_1K9HUjWZaT3oN48,,,,,34.4329071044921875,-119.83709716796875,anonymous,EN,1001,19,Female,,Hispanic or Latino,,Undergraduate student,extremely relevant,extremely relevant,not at all relevant,extremely relevant,extremely relevant,not at all relevant,extremely relevant,extremely relevant,extremely relevant,not at all relevant,somewhat relevant,extremely relevant,not at all relevant,very relevant,very relevant,not at all relevant,moderately agree,strongly agree,slightly disagree,moderately disagree,slightly agree,strongly agree,strongly agree,strongly agree,slightly disagree,strongly disagree,slightly agree,strongly agree,slightly agree,moderately disagree,moderately agree,slightly agree,False,True,False,True,True,True,True,True,True,True,True,True,,Very disgusting,Very disgusting,Slightly disgusting,Slightly disgusting,Very disgusting,Very disgusting,Very disgusting,Slightly disgusting,Not disgusting,Very disgusting,Slightly disgusting,Not disgusting,No,0-5 years old,6-9 years old,Left-handed,70,100,61,50,84,10,60,84,50,50,88,50,Neither Liberal Nor Conservative,Very important,https://surveys.qualtrics.com/jfe/form/SV_dbqz71528jakgZv,,,,,,,
2019-05-01 12:58:33,2019-05-01 14:28:00,IP Address,128.111.149.100,100,5366,True,2019-05-01 14:28:01,R_3Ok4z4sZddHPdOC,,,,,34.4329071044921875,-119.83709716796875,anonymous,EN,1002,19,Female,,Other,Asian Indian,Undergraduate student,very relevant,very relevant,slightly relevant,very relevant,very relevant,not very relevant,very relevant,very relevant,very relevant,very relevant,very relevant,extremely relevant,very relevant,somewhat relevant,slightly relevant,extremely relevant,slightly agree,moderately agree,slightly disagree,strongly agree,slightly agree,strongly agree,strongly agree,moderately agree,strongly agree,slightly agree,slightly agree,strongly agree,strongly agree,moderately agree,moderately agree,moderately agree,False,True,False,True,True,True,False,True,True,False,False,True,True,Slightly disgusting,Very disgusting,Very disgusting,Very disgusting,Very disgusting,Very disgusting,Very disgusting,Very disgusting,Not disgusting,Very disgusting,Slightly disgusting,Slightly disgusting,Yes,,,Right-handed,50,31,94,100,83,4,50,100,43,7,100,51,Neither Liberal Nor Conservative,Extremely important,https://surveys.qualtrics.com/jfe/form/SV_dbqz71528jakgZv,,,,,,,
2019-05-01 13:05:53,2019-05-01 13:07:57,IP Address,128.111.149.100,6,123,False,2019-05-08 13:08:10,R_0Ck0FGjjrUcGjqp,,,,,,,anonymous,EN,999,,,,,,,,,,,,,,,,,,,,,,,,,,,,,,,,,,,,,,,,,,,,,,,,,,,,,,,,,,,,,,,,,,,,,,,,,,,,,,,,,,https://surveys.qualtrics.com/jfe/form/SV_dbqz71528jakgZv,,,,,,,
2019-05-08 12:47:54,2019-05-08 13:37:44,IP Address,128.111.149.100,100,2990,True,2019-05-08 13:37:44,R_2bZ6Tpsa0emKlYT,,,,,34.4329071044921875,-119.83709716796875,anonymous,EN,1003,19,Female,,Asian,,Undergraduate student,very relevant,very relevant,not very relevant,somewhat relevant,somewhat relevant,not at all relevant,somewhat relevant,extremely relevant,very relevant,not very relevant,somewhat relevant,very relevant,very relevant,extremely relevant,very relevant,not at all relevant,slightly agree,strongly agree,strongly disagree,moderately agree,slightly disagree,slightly agree,slightly agree,moderately agree,slightly disagree,slightly agree,slightly agree,slightly disagree,strongly disagree,slightly disagree,slightly agree,moderately disagree,True,False,False,True,True,True,True,True,False,True,False,False,True,Very disgusting,Slightly disgusting,Very disgusting,Slightly disgusting,Slightly disgusting,Very disgusting,Very disgusting,Very disgusting,Not disgusting,Very disgusting,Not disgusting,Not disgusting,Yes,,,Right-handed,90,57,57,35,73,64,50,49,49,49,49,50,Somewhat Liberal,Not at all important,https://surveys.qualtrics.com/jfe/form/SV_dbqz71528jakgZv,,,,,,,
2019-05-08 12:48:08,2019-05-08 14:35:30,IP Address,128.111.149.101,100,6442,True,2019-05-08 14:35:31,R_1N8JkHOLi3EfTTH,,,,,34.4329071044921875,-119.83709716796875,anonymous,EN,1005,19,Male,,White,,Undergraduate student,extremely relevant,extremely relevant,slightly relevant,somewhat relevant,somewhat relevant,not at all relevant,very relevant,very relevant,somewhat relevant,slightly relevant,slightly relevant,very relevant,very relevant,somewhat relevant,not very relevant,not at all relevant,moderately agree,slightly agree,moderately disagree,slightly agree,slightly agree,strongly agree,strongly agree,moderately agree,moderately agree,moderately disagree,slightly disagree,moderately agree,slightly agree,slightly agree,slightly disagree,moderately disagree,False,True,False,True,True,True,False,True,False,False,False,False,False,Very disgusting,Slightly disgusting,Very disgusting,Slightly disgusting,Slightly disgusting,Very disgusting,Very disgusting,Very disgusting,Not disgusting,Very disgusting,Slightly disgusting,Slightly disgusting,No,0-5 years old,0-5 years old,Right-handed,70,20,30,,80,,50,50,75,75,80,60,Strongly Liberal,Not at all important,https://surveys.qualtrics.com/jfe/form/SV_dbqz71528jakgZv,,,,,,,
2019-05-08 16:48:50,2019-05-08 17:27:44,IP Address,128.111.149.100,100,2333,True,2019-05-08 17:27:45,R_2ctEzWmOPpXWoun,,,,,34.4329071044921875,-119.83709716796875,anonymous,EN,1008,19,Female,,Hispanic or Latino,,Undergraduate student,somewhat relevant,somewhat relevant,slightly relevant,somewhat relevant,not very relevant,not very relevant,not very relevant,slightly relevant,slightly relevant,slightly relevant,very relevant,very relevant,slightly relevant,slightly relevant,slightly relevant,slightly relevant,slightly disagree,moderately agree,slightly disagree,strongly agree,strongly agree,slightly agree,slightly agree,strongly agree,strongly disagree,slightly disagree,strongly agree,strongly agree,strongly agree,slightly agree,slightly disagree,strongly agree,False,True,False,True,True,True,False,True,True,True,True,True,True,Slightly disgusting,Very disgusting,Very disgusting,Very disgusting,Very disgusting,Very disgusting,Very disgusting,Very disgusting,Slightly disgusting,Very disgusting,Slightly disgusting,Very disgusting,No,0-5 years old,6-9 years old,Right-handed,50,,,50,100,,100,100,100,49,100,100,Somewhat Liberal,Moderately important,https://surveys.qualtrics.com/jfe/form/SV_dbqz71528jakgZv,,,,,,,
2019-05-08 16:48:27,2019-05-08 17:30:40,IP Address,128.111.149.101,100,2533,True,2019-05-08 17:30:41,R_yt0WPrE79LxRuUh,,,,,34.4329071044921875,-119.83709716796875,anonymous,EN,1009,19,Female,,Black or African-American,,Undergraduate student,very relevant,very relevant,not very relevant,very relevant,very relevant,not at all relevant,somewhat relevant,very relevant,very relevant,not very relevant,slightly relevant,extremely relevant,extremely relevant,very relevant,somewhat relevant,very relevant,slightly agree,strongly agree,moderately disagree,strongly agree,moderately disagree,strongly agree,strongly agree,slightly agree,slightly agree,slightly agree,moderately disagree,strongly agree,strongly disagree,strongly disagree,moderately agree,slightly agree,False,True,False,True,True,True,False,False,True,True,True,True,True,Very disgusting,Slightly disgusting,Very disgusting,Slightly disgusting,Very disgusting,Very disgusting,Slightly disgusting,Slightly disgusting,Not disgusting,Very disgusting,Not disgusting,Slightly disgusting,Yes,,,Right-handed,10,50,100,80,100,50,50,50,50,80,100,70,Somewhat Liberal,Extremely important,https://surveys.qualtrics.com/jfe/form/SV_dbqz71528jakgZv,,,,,,,
2019-05-10 12:53:40,2019-05-10 13:25:23,IP Address,128.111.149.101,100,1903,True,2019-05-10 13:25:24,R_3EsDGOhMaVSWr2x,,,,,34.4329071044921875,-119.83709716796875,anonymous,EN,1011,21,Male,,Asian,,Undergraduate student,very relevant,very relevant,very relevant,very relevant,very relevant,not very relevant,very relevant,very relevant,extremely relevant,not at all relevant,not at all relevant,very relevant,extremely relevant,extremely relevant,extremely relevant,extremely relevant,slightly agree,strongly agree,moderately agree,moderately agree,moderately disagree,moderately agree,strongly disagree,slightly agree,strongly disagree,slightly agree,slightly disagree,slightly agree,strongly disagree,slightly agree,slightly disagree,slightly agree,True,False,False,False,False,False,False,True,True,True,False,False,True,Very disgusting,Very disgusting,Very disgusting,Very disgusting,Slightly disgusting,Very disgusting,Slightly disgusting,Slightly disgusting,Not disgusting,Very disgusting,Not disgusting,Slightly disgusting,Yes,,,Right-handed,50,50,50,50,50,50,50,50,50,100,50,50,Neither Liberal Nor Conservative,Not at all important,https://surveys.qualtrics.com/jfe/form/SV_dbqz71528jakgZv,,,,,,,
2019-05-10 12:53:18,2019-05-10 13:29:37,IP Address,128.111.149.100,100,2178,True,2019-05-10 13:29:38,R_9pjP0KsNi0JERB7,,,,,34.4329071044921875,-119.83709716796875,anonymous,EN,1010,19,Female,,Asian,,Undergraduate student,very relevant,very relevant,somewhat relevant,somewhat relevant,somewhat relevant,not at all relevant,somewhat relevant,somewhat relevant,somewhat relevant,somewhat relevant,somewhat relevant,somewhat relevant,somewhat relevant,somewhat relevant,somewhat relevant,slightly relevant,slightly agree,slightly agree,slightly disagree,slightly disagree,slightly agree,slightly agree,slightly disagree,slightly disagree,slightly agree,slightly disagree,slightly agree,slightly disagree,slightly agree,slightly disagree,slightly disagree,slightly agree,False,True,False,True,False,True,False,True,True,False,True,True,True,Very disgusting,Very disgusting,Very disgusting,Very disgusting,Slightly disgusting,Very disgusting,Slightly disgusting,Slightly disgusting,Not disgusting,Very disgusting,Slightly disgusting,Not disgusting,No,0-5 years old,0-5 years old,Left-handed,50,50,50,50,50,,50,50,50,50,50,50,Neither Liberal Nor Conservative,Slightly important,https://surveys.qualtrics.com/jfe/form/SV_dbqz71528jakgZv,,,,,,,
2019-05-15 16:57:07,2019-05-15 17:40:58,IP Address,128.111.149.100,100,2631,True,2019-05-15 17:40:58,R_9n1QMjXxt3hit4l,,,,,34.4329071044921875,-119.83709716796875,anonymous,EN,1012,19,Male,,Hispanic or Latino,,Undergraduate student,very relevant,very relevant,somewhat relevant,very relevant,not very relevant,not at all relevant,not very relevant,very relevant,very relevant,somewhat relevant,slightly relevant,very relevant,very relevant,somewhat relevant,very relevant,not very relevant,slightly agree,strongly agree,moderately disagree,slightly agree,slightly disagree,strongly agree,slightly disagree,slightly agree,slightly disagree,moderately disagree,moderately disagree,moderately disagree,slightly disagree,slightly disagree,moderately disagree,slightly disagree,False,False,False,True,False,False,True,False,False,False,True,True,True,Slightly disgusting,Very disgusting,Slightly disgusting,Slightly disgusting,Not disgusting,Very disgusting,Slightly disgusting,Not disgusting,Not disgusting,Very disgusting,Not disgusting,Not disgusting,No,6-9 years old,6-9 years old,Right-handed,60,50,44,39,48,32,57,54,51,68,80,39,Somewhat Liberal,Moderately important,https://surveys.qualtrics.com/jfe/form/SV_dbqz71528jakgZv,,,,,,,
2019-05-16 16:49:16,2019-05-16 17:28:41,IP Address,128.111.149.100,100,2365,True,2019-05-16 17:28:42,R_3HLfR6nGFEK5yn0,,,,,34.4329071044921875,-119.83709716796875,anonymous,EN,1013,20,Male,,Hispanic or Latino,,Undergraduate student,extremely relevant,extremely relevant,slightly relevant,somewhat relevant,very relevant,not at all relevant,very relevant,extremely relevant,extremely relevant,somewhat relevant,very relevant,extremely relevant,extremely relevant,somewhat relevant,slightly relevant,slightly relevant,moderately agree,strongly agree,strongly disagree,slightly agree,slightly disagree,strongly agree,moderately agree,strongly agree,slightly disagree,slightly agree,moderately agree,moderately agree,slightly agree,slightly agree,slightly disagree,moderately agree,False,True,False,False,True,True,False,True,True,True,True,True,True,Very disgusting,Very disgusting,Very disgusting,Slightly disgusting,Slightly disgusting,Very disgusting,Very disgusting,Very disgusting,Slightly disgusting,Very disgusting,Slightly disgusting,Slightly disgusting,No,0-5 years old,0-5 years old,Right-handed,100,90,80,50,90,55,60,75,75,90,75,60,Somewhat Liberal,Slightly important,https://surveys.qualtrics.com/jfe/form/SV_dbqz71528jakgZv,,,,,,,
2019-05-16 16:49:50,2019-05-16 17:36:51,IP Address,128.111.149.101,100,2820,True,2019-05-16 17:36:51,R_2PAy1T2LRQ5eXys,,,,,34.4329071044921875,-119.83709716796875,anonymous,EN,1014,19,Female,,Asian,,Undergraduate student,somewhat relevant,somewhat relevant,not very relevant,somewhat relevant,extremely relevant,not very relevant,extremely relevant,extremely relevant,extremely relevant,very relevant,very relevant,extremely relevant,very relevant,somewhat relevant,extremely relevant,not at all relevant,moderately agree,moderately agree,moderately disagree,slightly agree,moderately disagree,strongly agree,strongly agree,moderately agree,slightly agree,moderately agree,slightly agree,moderately agree,moderately agree,slightly agree,slightly disagree,slightly disagree,True,False,False,True,False,False,True,False,True,False,False,False,True,Very disgusting,Very disgusting,Very disgusting,Very disgusting,Slightly disgusting,Very disgusting,Slightly disgusting,Not disgusting,Not disgusting,Very disgusting,Slightly disgusting,Not disgusting,Yes,,,Right-handed,90,40,70,21,60,,32,36,26,65,100,41,Somewhat Liberal,Slightly important,https://surveys.qualtrics.com/jfe/form/SV_dbqz71528jakgZv,,,,,,,
2019-05-17 12:55:26,2019-05-17 13:21:42,IP Address,128.111.149.102,100,1575,True,2019-05-17 13:21:42,R_5svwO2UF1bTtMnD,,,,,34.4329071044921875,-119.83709716796875,anonymous,EN,1017,18,Female,,Other,"half Asian, half white",Undergraduate student,very relevant,very relevant,somewhat relevant,somewhat relevant,slightly relevant,not at all relevant,very relevant,very relevant,somewhat relevant,not at all relevant,not very relevant,very relevant,very relevant,somewhat relevant,slightly relevant,not at all relevant,moderately agree,moderately agree,strongly disagree,slightly agree,slightly agree,strongly agree,moderately agree,moderately agree,moderately disagree,moderately disagree,moderately disagree,slightly agree,moderately agree,slightly agree,slightly disagree,slightly disagree,False,False,False,True,False,True,True,False,True,True,True,True,True,Slightly disgusting,Slightly disgusting,Slightly disgusting,Very disgusting,Not disgusting,Slightly disgusting,Not disgusting,Not disgusting,Slightly disgusting,Very disgusting,Not disgusting,Not disgusting,Yes,,,Right-handed,100,50,40,50,50,0,50,50,84,85,66,32,Somewhat Liberal,Slightly important,https://surveys.qualtrics.com/jfe/form/SV_dbqz71528jakgZv,,,,,,,
2019-05-17 12:52:58,2019-05-17 13:29:51,IP Address,128.111.149.101,100,2212,True,2019-05-17 13:29:51,R_yDZyPZiL8yeH3Hz,,,,,34.4329071044921875,-119.83709716796875,anonymous,EN,1016,19,Male,,White,,Undergraduate student,extremely relevant,extremely relevant,somewhat relevant,very relevant,extremely relevant,not at all relevant,very relevant,extremely relevant,extremely relevant,extremely relevant,extremely relevant,extremely relevant,extremely relevant,extremely relevant,somewhat relevant,not at all relevant,strongly agree,strongly agree,moderately disagree,moderately agree,,slightly agree,strongly agree,moderately agree,slightly agree,moderately agree,strongly disagree,moderately disagree,slightly disagree,slightly disagree,moderately disagree,slightly disagree,False,True,False,False,False,False,False,True,True,True,False,True,True,Very disgusting,Very disgusting,Very disgusting,Slightly disgusting,Very disgusting,Not disgusting,Very disgusting,Very disgusting,Not disgusting,Very disgusting,Not disgusting,Slightly disgusting,Yes,,,Right-handed,100,100,100,0,100,50,25,50,50,100,100,50,Somewhat Liberal,Not at all important,https://surveys.qualtrics.com/jfe/form/SV_dbqz71528jakgZv,,,,,,,
2019-05-17 12:51:13,2019-05-17 13:31:37,IP Address,128.111.149.100,100,2424,True,2019-05-17 13:31:37,R_2bUdS7TeRDR642u,,,,,34.4329071044921875,-119.83709716796875,anonymous,EN,1015,21,Female,,White,,Undergraduate student,somewhat relevant,not at all relevant,not at all relevant,not at all relevant,slightly relevant,not at all relevant,slightly relevant,very relevant,slightly relevant,not at all relevant,slightly relevant,very relevant,very relevant,not very relevant,slightly relevant,not at all relevant,slightly agree,moderately agree,moderately disagree,slightly agree,slightly agree,strongly agree,slightly agree,slightly agree,slightly disagree,slightly disagree,slightly agree,moderately disagree,moderately disagree,slightly disagree,slightly disagree,strongly disagree,True,False,True,False,False,False,True,True,True,False,False,False,True,Slightly disgusting,Very disgusting,Very disgusting,Not disgusting,Slightly disgusting,Very disgusting,Very disgusting,Not disgusting,Not disgusting,Slightly disgusting,Not disgusting,Not disgusting,Yes,,,Right-handed,70,44,50,18,55,1,78,66,81,76,65,30,Strongly Liberal,Not at all important,https://surveys.qualtrics.com/jfe/form/SV_dbqz71528jakgZv,,,,,,,
2019-05-20 16:56:36,2019-05-20 17:46:57,IP Address,128.111.149.100,100,3020,True,2019-05-20 17:46:57,R_3lGGZK7teBvhnwd,,,,,34.4329071044921875,-119.83709716796875,anonymous,EN,1018,21,Male,,Asian,,Undergraduate student,not at all relevant,not very relevant,not very relevant,not at all relevant,not very relevant,not at all relevant,not very relevant,slightly relevant,not very relevant,not very relevant,not very relevant,not very relevant,not very relevant,not very relevant,slightly relevant,not very relevant,moderately agree,moderately agree,strongly agree,strongly agree,slightly agree,strongly agree,strongly agree,strongly agree,strongly agree,moderately agree,slightly agree,moderately agree,moderately disagree,moderately agree,moderately agree,moderately agree,True,False,False,True,True,False,True,False,False,True,True,True,False,Not disgusting,Slightly disgusting,Very disgusting,Slightly disgusting,Slightly disgusting,Slightly disgusting,Not disgusting,Not disgusting,Not disgusting,Slightly disgusting,Slightly disgusting,Slightly disgusting,No,10-15 years old,10-15 years old,Right-handed,50,70,80,0,50,0,50,80,90,90,90,80,Neither Liberal Nor Conservative,Not at all important,https://surveys.qualtrics.com/jfe/form/SV_dbqz71528jakgZv,,,,,,,
2019-05-22 16:53:57,2019-05-22 17:29:11,IP Address,128.111.149.101,100,2113,True,2019-05-22 17:29:11,R_1kSPxyaYui3HoFv,,,,,34.4329071044921875,-119.83709716796875,anonymous,EN,1019,19,Female,,White,,Undergraduate student,extremely relevant,extremely relevant,somewhat relevant,somewhat relevant,extremely relevant,not at all relevant,not very relevant,very relevant,slightly relevant,not at all relevant,somewhat relevant,very relevant,extremely relevant,slightly relevant,extremely relevant,extremely relevant,moderately agree,moderately agree,moderately disagree,moderately agree,slightly agree,strongly agree,strongly agree,slightly agree,moderately agree,slightly disagree,slightly disagree,strongly agree,strongly disagree,slightly disagree,slightly agree,slightly agree,False,True,False,True,True,True,False,True,True,True,True,True,True,Very disgusting,Very disgusting,Very disgusting,Very disgusting,Slightly disgusting,Very disgusting,Not disgusting,Not disgusting,Not disgusting,Very disgusting,Not disgusting,Not disgusting,Yes,,,Right-handed,100,72,85,81,86,1,96,91,88,95,100,86,Somewhat Liberal,Very important,https://surveys.qualtrics.com/jfe/form/SV_dbqz71528jakgZv,,,,,,,
2019-05-23 16:53:05,2019-05-23 17:24:40,IP Address,128.111.149.100,100,1895,True,2019-05-23 17:24:41,R_pEhngxiO9hgLRZv,,,,,34.4329071044921875,-119.83709716796875,anonymous,EN,1020,20,Male,,White,,Undergraduate student,extremely relevant,very relevant,somewhat relevant,somewhat relevant,very relevant,not at all relevant,somewhat relevant,very relevant,extremely relevant,very relevant,not very relevant,extremely relevant,extremely relevant,extremely relevant,extremely relevant,extremely relevant,slightly agree,slightly agree,moderately agree,moderately agree,strongly disagree,strongly agree,moderately agree,strongly agree,,strongly agree,moderately agree,moderately agree,strongly disagree,slightly disagree,slightly agree,moderately disagree,True,False,True,False,True,False,True,False,False,True,True,False,True,Slightly disgusting,Slightly disgusting,Very disgusting,Not disgusting,Not disgusting,Slightly disgusting,Slightly disgusting,Slightly disgusting,Not disgusting,Slightly disgusting,Not disgusting,Not disgusting,Yes,,,Right-handed,20,90,91,80,43,50,90,100,50,85,100,100,Somewhat Conservative,Very important,https://surveys.qualtrics.com/jfe/form/SV_dbqz71528jakgZv,,,,,,,
2019-05-23 17:48:19,2019-05-23 18:53:15,IP Address,128.111.149.100,100,3896,True,2019-05-23 18:53:16,R_bJmhDc3eUZnKgnL,,,,,34.4329071044921875,-119.83709716796875,anonymous,EN,1049,20,Female,,White,,Undergraduate student,very relevant,very relevant,not at all relevant,not very relevant,not at all relevant,not at all relevant,very relevant,somewhat relevant,slightly relevant,extremely relevant,extremely relevant,extremely relevant,extremely relevant,slightly relevant,very relevant,not at all relevant,slightly agree,moderately agree,strongly disagree,slightly disagree,moderately agree,strongly agree,strongly agree,slightly disagree,moderately disagree,strongly disagree,slightly agree,strongly disagree,strongly disagree,slightly disagree,slightly agree,strongly disagree,False,True,False,True,False,False,False,False,False,True,True,True,True,Slightly disgusting,Not disgusting,Slightly disgusting,Very disgusting,Not disgusting,Very disgusting,Not disgusting,Slightly disgusting,Not disgusting,Very disgusting,Not disgusting,Not disgusting,Yes,,,Right-handed,100,38,62,10,100,,,,80,100,60,,Strongly Liberal,Slightly important,https://surveys.qualtrics.com/jfe/form/SV_dbqz71528jakgZv,,,,,,,
2019-05-29 12:50:28,2019-05-29 14:19:34,IP Address,128.111.149.100,100,5345,True,2019-05-29 14:19:35,R_vrBeik1pZ8CrY4N,,,,,34.4329071044921875,-119.83709716796875,anonymous,EN,1021,18,Male,,Asian,,Undergraduate student,very relevant,very relevant,somewhat relevant,extremely relevant,somewhat relevant,not at all relevant,somewhat relevant,very relevant,somewhat relevant,slightly relevant,somewhat relevant,very relevant,extremely relevant,somewhat relevant,very relevant,not very relevant,moderately agree,slightly agree,moderately agree,moderately agree,moderately disagree,strongly agree,moderately disagree,slightly agree,strongly agree,slightly agree,slightly agree,moderately disagree,strongly disagree,slightly agree,strongly agree,strongly disagree,True,False,False,True,False,False,True,True,True,False,True,False,True,Slightly disgusting,Slightly disgusting,Slightly disgusting,Not disgusting,Not disgusting,Very disgusting,Slightly disgusting,Slightly disgusting,Not disgusting,Slightly disgusting,Slightly disgusting,Not disgusting,Yes,,,Right-handed,40,75,50,50,50,50,70,45,50,80,90,90,Somewhat Conservative,Not at all important,https://surveys.qualtrics.com/jfe/form/SV_dbqz71528jakgZv,,,,,,,
2019-05-23 17:49:52,2019-05-29 16:58:24,IP Address,128.111.149.101,100,515312,True,2019-05-29 16:58:24,R_3PgFUZ2wzmO4VQX,,,,,34.4329071044921875,-119.83709716796875,anonymous,EN,1050,,,,,,,,,,,,,,,,,,,,,,,,,,,,,,,,,,,,,,,,,,,,,,,,,,,,,,,,,,,,,,,,No,0-5 years old,,Right-handed,,,,,,,,,,,,,,,https://surveys.qualtrics.com/jfe/form/SV_dbqz71528jakgZv,,,,,,,
2019-05-23 17:47:11,2019-05-29 16:59:34,IP Address,128.111.149.100,100,515542,True,2019-05-29 16:59:34,R_2fDsMNnCImBm2un,,,,,34.4329071044921875,-119.83709716796875,anonymous,EN,1049,,,,,,,,,,,,,,,,,,,,,,,,,,,,,,,,,,,,,,,,,,,,,,,,,,,,,,,,,,,,,,,,,,,Right-handed,,,,,,,,,,,,,,,https://surveys.qualtrics.com/jfe/form/SV_dbqz71528jakgZv,,,,,,,
2019-05-29 16:58:28,2019-05-29 17:47:21,IP Address,128.111.149.101,100,2932,True,2019-05-29 17:47:21,R_3nD7shmWwQTxC1T,,,,,34.4329071044921875,-119.83709716796875,anonymous,EN,1023,18,Female,,Hispanic or Latino,,Undergraduate student,extremely relevant,extremely relevant,not very relevant,somewhat relevant,slightly relevant,not at all relevant,extremely relevant,extremely relevant,slightly relevant,slightly relevant,very relevant,extremely relevant,very relevant,slightly relevant,extremely relevant,very relevant,strongly agree,strongly agree,moderately disagree,moderately agree,moderately agree,strongly agree,strongly agree,moderately agree,slightly disagree,slightly disagree,moderately agree,slightly disagree,strongly agree,moderately disagree,moderately agree,slightly agree,False,True,False,False,True,False,False,True,False,True,True,True,True,Very disgusting,Very disgusting,Very disgusting,Very disgusting,Very disgusting,Slightly disgusting,Very disgusting,Very disgusting,Slightly disgusting,Very disgusting,Very disgusting,Not disgusting,Yes,,,Right-handed,50,65,35,80,40,,40,60,50,55,80,35,Somewhat Liberal,Extremely important,https://surveys.qualtrics.com/jfe/form/SV_dbqz71528jakgZv,,,,,,,
2019-05-29 16:59:39,2019-05-29 17:50:35,IP Address,128.111.149.100,100,3055,True,2019-05-29 17:50:36,R_3I6Qme4Q190wscO,,,,,34.4329071044921875,-119.83709716796875,anonymous,EN,1022,21,Female,,White,,Undergraduate student,extremely relevant,extremely relevant,not very relevant,not very relevant,not very relevant,not at all relevant,extremely relevant,very relevant,extremely relevant,slightly relevant,not very relevant,extremely relevant,extremely relevant,very relevant,very relevant,not at all relevant,moderately agree,strongly agree,strongly disagree,slightly disagree,moderately disagree,strongly agree,strongly agree,strongly agree,moderately agree,slightly agree,slightly disagree,moderately disagree,moderately agree,moderately disagree,slightly agree,strongly disagree,False,False,False,True,False,False,False,True,False,False,False,True,True,Very disgusting,Very disgusting,Very disgusting,Very disgusting,Not disgusting,Very disgusting,Very disgusting,Not disgusting,Not disgusting,Very disgusting,Not disgusting,Not disgusting,Yes,,,Right-handed,98,7,8,8,83,0,0,0,50,0,96,1,Strongly Liberal,Not at all important,https://surveys.qualtrics.com/jfe/form/SV_dbqz71528jakgZv,,,,,,,
2019-05-30 16:51:37,2019-05-30 17:30:31,IP Address,128.111.149.100,100,2333,True,2019-05-30 17:30:31,R_2Y3pA4o12NFHJ6o,,,,,34.4329071044921875,-119.83709716796875,anonymous,EN,1024,19,Female,,White,,Undergraduate student,extremely relevant,extremely relevant,slightly relevant,somewhat relevant,not very relevant,not very relevant,slightly relevant,extremely relevant,very relevant,slightly relevant,slightly relevant,extremely relevant,very relevant,,extremely relevant,not at all relevant,moderately agree,strongly agree,slightly agree,moderately agree,slightly agree,strongly agree,strongly agree,moderately agree,strongly agree,slightly disagree,slightly disagree,moderately agree,strongly disagree,slightly agree,slightly agree,moderately disagree,False,True,False,False,True,True,False,True,True,True,True,True,True,Slightly disgusting,Slightly disgusting,Very disgusting,Very disgusting,Very disgusting,Very disgusting,Very disgusting,Very disgusting,Not disgusting,Slightly disgusting,Slightly disgusting,Not disgusting,Yes,,,Right-handed,76,40,63,51,78,9,96,72,31,34,88,70,Strongly Liberal,Not at all important,https://surveys.qualtrics.com/jfe/form/SV_dbqz71528jakgZv,,,,,,,
2019-05-31 12:43:23,2019-05-31 13:18:48,IP Address,128.111.149.100,100,2124,True,2019-05-31 13:18:48,R_2R3QIM1CRvvmCx1,,,,,34.4329071044921875,-119.83709716796875,anonymous,EN,1025,19,Female,,Black or African-American,,Undergraduate student,very relevant,very relevant,not very relevant,slightly relevant,not very relevant,not at all relevant,not very relevant,very relevant,very relevant,not at all relevant,somewhat relevant,very relevant,extremely relevant,slightly relevant,somewhat relevant,very relevant,moderately agree,moderately agree,slightly agree,moderately agree,slightly disagree,strongly agree,moderately disagree,moderately agree,moderately agree,slightly disagree,strongly disagree,strongly agree,strongly disagree,moderately disagree,slightly disagree,slightly agree,False,True,False,False,True,True,False,False,True,True,False,True,False,Slightly disgusting,Very disgusting,Very disgusting,Very disgusting,Slightly disgusting,Slightly disgusting,Very disgusting,Slightly disgusting,Slightly disgusting,Very disgusting,Not disgusting,Slightly disgusting,No,6-9 years old,16 years or older,Right-handed,79,49,48,96,98,4,95,55,50,75,98,55,Strongly Liberal,Extremely important,https://surveys.qualtrics.com/jfe/form/SV_dbqz71528jakgZv,,,,,,,
2019-06-03 16:51:04,2019-06-05 12:44:53,IP Address,128.111.149.100,100,158029,True,2019-06-05 12:44:54,R_qz4jLm9WBVKZ0Cl,,,,,34.4329071044921875,-119.83709716796875,anonymous,EN,1026,19,Female,,Black or African-American,,Undergraduate student,extremely relevant,extremely relevant,extremely relevant,very relevant,slightly relevant,very relevant,extremely relevant,extremely relevant,extremely relevant,not very relevant,very relevant,somewhat relevant,somewhat relevant,somewhat relevant,very relevant,very relevant,strongly agree,strongly agree,strongly disagree,moderately agree,strongly agree,moderately agree,moderately agree,moderately agree,moderately agree,slightly agree,moderately disagree,slightly disagree,strongly agree,strongly agree,slightly agree,slightly agree,True,False,False,True,True,False,False,True,True,False,False,False,False,Very disgusting,Very disgusting,Very disgusting,Very disgusting,Very disgusting,Slightly disgusting,Very disgusting,Not disgusting,Not disgusting,Very disgusting,Not disgusting,Not disgusting,Yes,,,Right-handed,90,90,70,50,89,,30,46,72,45,100,47,Somewhat Liberal,Moderately important,https://surveys.qualtrics.com/jfe/form/SV_dbqz71528jakgZv,,,,,,,
2019-06-05 12:44:57,2019-06-05 13:13:12,IP Address,128.111.149.100,100,1694,True,2019-06-05 13:13:12,R_30f8q6kk626M2V7,,,,,34.4329071044921875,-119.83709716796875,anonymous,EN,1027,21,Male,,White,,Undergraduate student,not at all relevant,not at all relevant,extremely relevant,very relevant,somewhat relevant,slightly relevant,not very relevant,not at all relevant,not very relevant,slightly relevant,somewhat relevant,very relevant,extremely relevant,very relevant,somewhat relevant,slightly relevant,strongly disagree,moderately disagree,slightly disagree,slightly agree,moderately agree,strongly agree,moderately agree,slightly agree,slightly disagree,moderately disagree,strongly disagree,moderately disagree,slightly disagree,slightly agree,moderately agree,strongly agree,False,True,False,True,False,False,True,False,False,True,False,True,False,Very disgusting,Slightly disgusting,,Not disgusting,,Slightly disgusting,Slightly disgusting,Slightly disgusting,Very disgusting,Slightly disgusting,Very disgusting,Slightly disgusting,Yes,,,Right-handed,58,28,23,40,20,43,54,30,65,48,44,60,Somewhat Liberal,Not at all important,https://surveys.qualtrics.com/jfe/form/SV_dbqz71528jakgZv,,,,,,,
2019-06-06 16:56:05,2019-06-06 17:26:45,IP Address,128.111.149.102,100,1840,True,2019-06-06 17:26:46,R_O3jtVV3y4ULwT6x,,,,,34.4329071044921875,-119.83709716796875,anonymous,EN,1029,19,Female,,Asian,,Undergraduate student,extremely relevant,extremely relevant,not at all relevant,not at all relevant,not at all relevant,not at all relevant,not very relevant,extremely relevant,not very relevant,not very relevant,slightly relevant,extremely relevant,extremely relevant,not very relevant,very relevant,not at all relevant,slightly agree,moderately agree,moderately agree,slightly disagree,slightly agree,strongly agree,strongly agree,moderately agree,slightly agree,strongly disagree,moderately disagree,moderately disagree,moderately disagree,strongly disagree,strongly disagree,strongly disagree,False,True,False,True,True,True,False,True,True,True,True,True,True,Slightly disgusting,Very disgusting,Very disgusting,Very disgusting,Very disgusting,Very disgusting,Slightly disgusting,Slightly disgusting,Slightly disgusting,Very disgusting,Very disgusting,Very disgusting,No,0-5 years old,6-9 years old,Right-handed,100,52,52,52,60,25,69,69,51,100,82,27,Somewhat Liberal,Not at all important,https://surveys.qualtrics.com/jfe/form/SV_dbqz71528jakgZv,,,,,,,
2019-06-06 16:56:54,2019-06-06 17:37:25,IP Address,128.111.149.103,100,2431,True,2019-06-06 17:37:26,R_3qxRMzLeJ3M14tf,,,,,34.4329071044921875,-119.83709716796875,anonymous,EN,1030,20,Male,,Asian,,Undergraduate student,slightly relevant,slightly relevant,somewhat relevant,not very relevant,somewhat relevant,not at all relevant,somewhat relevant,very relevant,very relevant,slightly relevant,somewhat relevant,extremely relevant,extremely relevant,extremely relevant,somewhat relevant,not at all relevant,slightly agree,moderately agree,strongly agree,slightly agree,strongly agree,strongly agree,strongly agree,strongly agree,slightly disagree,strongly agree,moderately agree,strongly disagree,moderately disagree,slightly disagree,slightly agree,slightly agree,True,False,True,True,False,False,False,False,False,False,True,False,False,Not disgusting,Slightly disgusting,Slightly disgusting,Not disgusting,Very disgusting,Very disgusting,Not disgusting,Not disgusting,Not disgusting,Very disgusting,Very disgusting,Very disgusting,No,6-9 years old,10-15 years old,Right-handed,,20,50,50,50,0,50,50,50,50,50,41,Neither Liberal Nor Conservative,Not at all important,https://surveys.qualtrics.com/jfe/form/SV_dbqz71528jakgZv,,,,,,,
2019-06-06 16:55:41,2019-06-06 17:44:16,IP Address,128.111.149.101,100,2914,True,2019-06-06 17:44:17,R_2WZs1e0nMtx3MCg,,,,,34.4329071044921875,-119.83709716796875,anonymous,EN,1028,21,Female,,White,,Undergraduate student,extremely relevant,extremely relevant,slightly relevant,slightly relevant,slightly relevant,not at all relevant,extremely relevant,extremely relevant,somewhat relevant,slightly relevant,slightly relevant,extremely relevant,extremely relevant,slightly relevant,slightly relevant,not at all relevant,moderately agree,strongly agree,strongly disagree,moderately agree,moderately disagree,moderately agree,strongly agree,moderately agree,moderately disagree,moderately disagree,slightly agree,strongly agree,moderately disagree,slightly disagree,slightly disagree,strongly disagree,False,False,True,False,False,False,True,False,True,False,False,True,True,Very disgusting,Very disgusting,Very disgusting,Very disgusting,Slightly disgusting,Very disgusting,Very disgusting,Not disgusting,Not disgusting,Very disgusting,Not disgusting,Not disgusting,Yes,,,Right-handed,100,50,76,8,80,65,100,50,50,100,50,73,Somewhat Liberal,Not at all important,https://surveys.qualtrics.com/jfe/form/SV_dbqz71528jakgZv,,,,,,,
2019-06-07 12:55:11,2019-06-07 13:23:45,IP Address,128.111.149.100,100,1714,True,2019-06-07 13:23:46,R_31vC6uf5p90Gypv,,,,,34.4329071044921875,-119.83709716796875,anonymous,EN,1031,18,Female,,Hispanic or Latino,,Undergraduate student,very relevant,extremely relevant,not very relevant,somewhat relevant,somewhat relevant,not at all relevant,very relevant,extremely relevant,somewhat relevant,somewhat relevant,very relevant,extremely relevant,extremely relevant,somewhat relevant,somewhat relevant,not very relevant,moderately agree,moderately agree,strongly disagree,moderately disagree,slightly agree,moderately agree,strongly agree,strongly agree,slightly agree,moderately disagree,slightly agree,slightly disagree,moderately agree,moderately disagree,moderately agree,slightly agree,False,True,False,True,True,False,False,False,False,True,True,True,True,Very disgusting,Slightly disgusting,Slightly disgusting,Not disgusting,Very disgusting,Very disgusting,Very disgusting,Slightly disgusting,Not disgusting,Very disgusting,Slightly disgusting,Not disgusting,Yes,,,Right-handed,,0,50,50,40,20,50,70,50,70,70,50,Somewhat Liberal,Slightly important,https://surveys.qualtrics.com/jfe/form/SV_dbqz71528jakgZv,,,,,,,
2019-06-07 12:53:53,2019-06-07 13:34:34,IP Address,128.111.149.101,100,2441,True,2019-06-07 13:34:35,R_1jdGBq5HsCV06h3,,,,,34.4329071044921875,-119.83709716796875,anonymous,EN,1032,20,Female,,White,,Undergraduate student,very relevant,very relevant,not very relevant,slightly relevant,not very relevant,not at all relevant,not very relevant,slightly relevant,slightly relevant,not very relevant,slightly relevant,slightly relevant,extremely relevant,not very relevant,somewhat relevant,not at all relevant,slightly disagree,moderately agree,moderately disagree,slightly disagree,slightly agree,moderately agree,slightly agree,slightly agree,moderately disagree,strongly disagree,moderately disagree,moderately agree,slightly disagree,slightly disagree,slightly disagree,slightly disagree,False,True,False,True,True,True,False,True,False,False,False,True,True,Very disgusting,Very disgusting,Very disgusting,Slightly disgusting,Very disgusting,Very disgusting,Slightly disgusting,Very disgusting,Not disgusting,Slightly disgusting,Slightly disgusting,Slightly disgusting,Yes,,,Right-handed,99,30,49,14,45,31,49,36,55,13,16,27,Somewhat Liberal,Not at all important,https://surveys.qualtrics.com/jfe/form/SV_dbqz71528jakgZv,,,,,,,
2019-06-07 13:37:47,2019-06-07 14:21:17,IP Address,128.111.149.101,100,2610,True,2019-06-07 14:21:18,R_2TFRSjdtAuWlezn,,,,,34.4329071044921875,-119.83709716796875,anonymous,EN,1033,19,Male,,Asian,,Undergraduate student,very relevant,very relevant,very relevant,somewhat relevant,extremely relevant,very relevant,very relevant,extremely relevant,somewhat relevant,somewhat relevant,very relevant,extremely relevant,extremely relevant,somewhat relevant,extremely relevant,very relevant,slightly agree,moderately agree,strongly agree,strongly agree,strongly agree,strongly agree,strongly agree,moderately agree,strongly agree,strongly agree,strongly agree,moderately agree,strongly agree,moderately agree,moderately agree,strongly agree,False,True,True,False,False,True,False,False,False,False,False,True,False,Slightly disgusting,Slightly disgusting,Not disgusting,Slightly disgusting,Not disgusting,Slightly disgusting,Not disgusting,Slightly disgusting,Slightly disgusting,Slightly disgusting,Not disgusting,Slightly disgusting,No,6-9 years old,16 years or older,Right-handed,36,54,82,50,68,11,37,46,40,79,86,51,Neither Liberal Nor Conservative,Not at all important,https://surveys.qualtrics.com/jfe/form/SV_dbqz71528jakgZv,,,,,,,
2019-06-07 13:51:32,2019-06-07 14:22:24,IP Address,128.111.149.102,100,1851,True,2019-06-07 14:22:25,R_UnDIFvnelgDqHjX,,,,,34.4329071044921875,-119.83709716796875,anonymous,EN,1034,,Male,,Hispanic or Latino,,Undergraduate student,extremely relevant,extremely relevant,not at all relevant,not at all relevant,not at all relevant,not at all relevant,extremely relevant,extremely relevant,not at all relevant,not at all relevant,extremely relevant,extremely relevant,extremely relevant,not at all relevant,not at all relevant,not at all relevant,strongly agree,strongly agree,strongly disagree,slightly disagree,strongly disagree,strongly agree,strongly agree,strongly agree,strongly disagree,strongly disagree,moderately agree,strongly agree,strongly agree,strongly disagree,moderately disagree,strongly disagree,False,True,False,True,False,True,False,True,True,False,True,True,False,Very disgusting,Very disgusting,Very disgusting,Very disgusting,Slightly disgusting,Very disgusting,Very disgusting,Very disgusting,Slightly disgusting,Very disgusting,Very disgusting,Not disgusting,Yes,,,Right-handed,100,39,19,,100,16,100,,83,18,12,,Strongly Liberal,Not at all important,https://surveys.qualtrics.com/jfe/form/SV_dbqz71528jakgZv,,,,,,,
2019-09-04 17:50:27,2019-09-04 18:36:27,IP Address,128.111.149.101,100,2759,True,2019-09-04 18:36:28,R_tK6uuBQ9AsFmdGx,,,,,34.4329071044921875,-119.83709716796875,anonymous,EN,1036,19,Female,,White,,Undergraduate student,somewhat relevant,very relevant,very relevant,very relevant,very relevant,not at all relevant,extremely relevant,very relevant,very relevant,very relevant,not very relevant,very relevant,very relevant,very relevant,somewhat relevant,very relevant,moderately agree,strongly agree,moderately disagree,moderately agree,slightly disagree,slightly agree,moderately agree,moderately agree,slightly agree,moderately agree,strongly disagree,strongly agree,slightly disagree,slightly disagree,slightly agree,slightly agree,True,True,False,True,True,True,False,True,False,False,True,True,True,Slightly disgusting,Very disgusting,Slightly disgusting,Slightly disgusting,Slightly disgusting,Very disgusting,Very disgusting,Very disgusting,Not disgusting,Slightly disgusting,Not disgusting,Not disgusting,Yes,,,Right-handed,15,13,22,97,68,5,51,86,39,84,99,85,Somewhat Conservative,Extremely important,https://surveys.qualtrics.com/jfe/form/SV_dbqz71528jakgZv,,,,,,,
2019-09-04 17:49:18,2019-09-04 18:44:26,IP Address,128.111.149.100,100,3308,True,2019-09-04 18:44:27,R_115vAkvifC3Reta,,,,,34.4329071044921875,-119.83709716796875,anonymous,EN,1035,21,Male,,White,,Undergraduate student,very relevant,very relevant,slightly relevant,not very relevant,not very relevant,not at all relevant,somewhat relevant,very relevant,somewhat relevant,not very relevant,somewhat relevant,very relevant,somewhat relevant,slightly relevant,slightly relevant,somewhat relevant,moderately agree,moderately agree,moderately disagree,moderately agree,moderately agree,moderately agree,strongly agree,moderately agree,strongly agree,slightly disagree,slightly disagree,moderately agree,moderately disagree,slightly agree,slightly agree,slightly agree,False,False,True,True,False,True,True,True,True,False,True,False,True,Very disgusting,Very disgusting,Slightly disgusting,Slightly disgusting,Not disgusting,Very disgusting,Very disgusting,Slightly disgusting,Not disgusting,Slightly disgusting,Slightly disgusting,Slightly disgusting,Yes,,,Left-handed,100,60,35,58,80,10,50,45,75,75,100,40,Somewhat Liberal,Slightly important,https://surveys.qualtrics.com/jfe/form/SV_dbqz71528jakgZv,,,,,,,
2019-09-05 15:37:06,2019-09-05 16:29:29,IP Address,128.111.149.100,100,3142,True,2019-09-05 16:29:29,R_2uszfWF3Zn17shq,,,,,34.4329071044921875,-119.83709716796875,anonymous,EN,1037,22,Male,,Hispanic or Latino,,Undergraduate student,slightly relevant,slightly relevant,not very relevant,somewhat relevant,somewhat relevant,not at all relevant,not very relevant,somewhat relevant,not very relevant,not very relevant,somewhat relevant,somewhat relevant,somewhat relevant,somewhat relevant,somewhat relevant,somewhat relevant,slightly disagree,slightly agree,slightly agree,slightly agree,slightly disagree,moderately agree,moderately agree,moderately agree,slightly agree,moderately agree,moderately agree,moderately agree,strongly disagree,slightly disagree,moderately agree,moderately agree,True,True,False,True,False,False,False,True,True,False,True,True,True,Very disgusting,Very disgusting,Very disgusting,Slightly disgusting,Slightly disgusting,Slightly disgusting,Very disgusting,Very disgusting,Not disgusting,Very disgusting,Slightly disgusting,Very disgusting,No,0-5 years old,0-5 years old,Right-handed,50,50,50,70,65,51,50,51,50,62,64,65,Somewhat Conservative,Moderately important,https://surveys.qualtrics.com/jfe/form/SV_dbqz71528jakgZv,,,,,,,
2019-09-05 15:38:40,2019-09-05 16:35:20,IP Address,128.111.149.101,100,3400,True,2019-09-05 16:35:21,R_9tTOJG7O5i92wCJ,,,,,34.4329071044921875,-119.83709716796875,anonymous,EN,1038,21,Female,,Asian,,Undergraduate student,extremely relevant,very relevant,not at all relevant,somewhat relevant,not very relevant,not at all relevant,extremely relevant,very relevant,extremely relevant,very relevant,very relevant,extremely relevant,very relevant,somewhat relevant,extremely relevant,not at all relevant,moderately agree,strongly agree,moderately disagree,moderately disagree,strongly disagree,strongly agree,moderately agree,moderately disagree,strongly disagree,moderately agree,strongly disagree,slightly agree,slightly disagree,moderately disagree,moderately disagree,strongly disagree,False,True,True,True,True,True,False,True,True,False,False,True,True,Slightly disgusting,Very disgusting,Very disgusting,Slightly disgusting,Not disgusting,Very disgusting,Very disgusting,Very disgusting,Not disgusting,Very disgusting,Not disgusting,Not disgusting,No,6-9 years old,6-9 years old,Left-handed,80,30,19,8,81,0,62,22,4,70,58,33,Somewhat Liberal,Not at all important,https://surveys.qualtrics.com/jfe/form/SV_dbqz71528jakgZv,,,,,,,
2019-09-05 16:44:35,2019-09-05 17:28:45,IP Address,128.111.149.100,100,2649,True,2019-09-05 17:28:45,R_129cNnhKikct5Ge,,,,,34.4329071044921875,-119.83709716796875,anonymous,EN,1039,20,Female,,Asian,,Undergraduate student,not very relevant,not very relevant,slightly relevant,slightly relevant,not very relevant,slightly relevant,not very relevant,not very relevant,slightly relevant,slightly relevant,somewhat relevant,somewhat relevant,very relevant,somewhat relevant,very relevant,not at all relevant,slightly disagree,slightly disagree,slightly agree,slightly agree,slightly agree,slightly agree,slightly agree,moderately agree,moderately agree,strongly agree,strongly agree,moderately agree,moderately agree,moderately agree,strongly agree,moderately agree,True,True,True,True,False,False,True,True,True,True,True,False,True,Very disgusting,Very disgusting,Very disgusting,Very disgusting,Slightly disgusting,Very disgusting,Very disgusting,Slightly disgusting,Very disgusting,Slightly disgusting,Slightly disgusting,Very disgusting,No,0-5 years old,10-15 years old,Right-handed,70,12,20,6,19,8,81,77,4,89,74,24,Strongly Liberal,Slightly important,https://surveys.qualtrics.com/jfe/form/SV_dbqz71528jakgZv,,,,,,,
2019-09-05 16:45:11,2019-09-05 17:34:10,IP Address,128.111.149.101,100,2939,True,2019-09-05 17:34:11,R_1FsxqJdsN3041Uc,,,,,34.4329071044921875,-119.83709716796875,anonymous,EN,1040,22,Female,,Asian,,Undergraduate student,very relevant,very relevant,slightly relevant,somewhat relevant,very relevant,somewhat relevant,extremely relevant,extremely relevant,very relevant,somewhat relevant,somewhat relevant,extremely relevant,very relevant,,very relevant,not very relevant,moderately agree,slightly agree,strongly agree,slightly agree,moderately agree,strongly agree,moderately agree,strongly agree,moderately agree,slightly agree,slightly agree,slightly disagree,moderately disagree,slightly disagree,strongly disagree,moderately disagree,True,True,False,True,True,True,False,True,False,False,False,True,True,Slightly disgusting,Very disgusting,Very disgusting,Slightly disgusting,Slightly disgusting,Very disgusting,Very disgusting,Slightly disgusting,Not disgusting,Very disgusting,Not disgusting,Not disgusting,No,0-5 years old,0-5 years old,Right-handed,90,41,32,63,73,12,65,66,73,90,91,69,Strongly Liberal,Moderately important,https://surveys.qualtrics.com/jfe/form/SV_dbqz71528jakgZv,,,,,,,
2019-09-05 16:46:04,2019-09-05 17:34:12,IP Address,128.111.149.102,100,2888,True,2019-09-05 17:34:13,R_uepfRm0pXIOID5f,,,,,34.4329071044921875,-119.83709716796875,anonymous,EN,1041,21,Female,,Asian,,Undergraduate student,very relevant,very relevant,not at all relevant,somewhat relevant,slightly relevant,not very relevant,very relevant,extremely relevant,very relevant,not very relevant,somewhat relevant,very relevant,extremely relevant,somewhat relevant,very relevant,not at all relevant,slightly agree,moderately agree,moderately disagree,moderately agree,slightly agree,strongly agree,slightly agree,slightly agree,slightly agree,slightly agree,strongly disagree,slightly disagree,slightly agree,moderately agree,slightly agree,strongly disagree,True,True,False,True,True,False,False,True,True,True,True,True,True,Slightly disgusting,Slightly disgusting,Slightly disgusting,Slightly disgusting,Slightly disgusting,Very disgusting,Slightly disgusting,Very disgusting,Not disgusting,Slightly disgusting,Not disgusting,Slightly disgusting,Yes,,,Right-handed,80,60,20,50,50,0,50,80,50,50,100,30,Somewhat Liberal,Slightly important,https://surveys.qualtrics.com/jfe/form/SV_dbqz71528jakgZv,,,,,,,
2019-09-05 16:46:49,2019-09-05 17:36:45,IP Address,128.111.149.103,100,2995,True,2019-09-05 17:36:45,R_1q4CQQTmpn9a6de,,,,,34.4329071044921875,-119.83709716796875,anonymous,EN,1042,20,Female,,Asian,,Undergraduate student,extremely relevant,very relevant,not at all relevant,not very relevant,not very relevant,not at all relevant,not at all relevant,very relevant,extremely relevant,not at all relevant,somewhat relevant,very relevant,somewhat relevant,very relevant,not at all relevant,slightly relevant,strongly agree,strongly agree,slightly disagree,strongly agree,strongly agree,strongly agree,moderately agree,strongly agree,moderately agree,strongly agree,slightly agree,strongly agree,strongly agree,slightly disagree,strongly agree,strongly agree,True,True,False,False,False,True,False,True,True,True,True,True,True,Very disgusting,Slightly disgusting,Very disgusting,Very disgusting,Very disgusting,Very disgusting,Very disgusting,Slightly disgusting,Slightly disgusting,Very disgusting,Not disgusting,Slightly disgusting,Yes,,,Right-handed,100,30,81,50,100,20,71,71,100,30,80,22,Somewhat Conservative,Moderately important,https://surveys.qualtrics.com/jfe/form/SV_dbqz71528jakgZv,,,,,,,
2019-09-05 16:48:14,2019-09-05 17:37:33,IP Address,128.111.149.104,100,2958,True,2019-09-05 17:37:33,R_3fTTMX7p9H0Ksco,,,,,34.4329071044921875,-119.83709716796875,anonymous,EN,1043,,Male,,Hispanic or Latino,,Undergraduate student,very relevant,very relevant,not very relevant,not very relevant,not at all relevant,not at all relevant,very relevant,very relevant,not very relevant,slightly relevant,very relevant,very relevant,extremely relevant,not very relevant,slightly relevant,not very relevant,moderately agree,moderately agree,slightly disagree,slightly disagree,strongly agree,moderately agree,moderately agree,slightly agree,moderately disagree,moderately disagree,strongly disagree,slightly disagree,moderately agree,slightly agree,slightly disagree,moderately disagree,False,False,True,True,False,False,False,False,True,False,False,True,True,Slightly disgusting,Very disgusting,Very disgusting,Very disgusting,Slightly disgusting,Slightly disgusting,Very disgusting,Slightly disgusting,Slightly disgusting,Very disgusting,Slightly disgusting,Slightly disgusting,No,0-5 years old,0-5 years old,Right-handed,70,11,12,65,75,10,25,20,61,50,49,15,Strongly Liberal,Moderately important,https://surveys.qualtrics.com/jfe/form/SV_dbqz71528jakgZv,,,,,,,
2019-09-05 16:49:21,2019-09-05 17:37:38,IP Address,128.111.149.105,100,2897,True,2019-09-05 17:37:39,R_RQ2YNy2RoWakpMt,,,,,34.4329071044921875,-119.83709716796875,anonymous,EN,1044,20,Female,,Asian,,Undergraduate student,very relevant,very relevant,extremely relevant,very relevant,somewhat relevant,slightly relevant,very relevant,somewhat relevant,slightly relevant,somewhat relevant,somewhat relevant,somewhat relevant,somewhat relevant,very relevant,very relevant,very relevant,moderately agree,slightly agree,strongly agree,strongly agree,strongly agree,strongly agree,strongly agree,strongly agree,strongly agree,moderately agree,moderately agree,strongly agree,moderately agree,slightly agree,moderately agree,strongly agree,False,True,False,True,True,False,False,True,True,False,True,False,True,Very disgusting,Very disgusting,Very disgusting,Very disgusting,Very disgusting,Very disgusting,Very disgusting,Very disgusting,Very disgusting,Very disgusting,Very disgusting,Very disgusting,No,0-5 years old,I do not feel comfortable speaking English,Right-handed,15,12,19,28,29,18,16,31,19,44,61,95,Strongly Liberal,Slightly important,https://surveys.qualtrics.com/jfe/form/SV_dbqz71528jakgZv,,,,,,,
2019-09-05 17:43:47,2019-09-05 18:34:48,IP Address,128.111.149.100,100,3061,True,2019-09-05 18:34:48,R_rrQKv8CqcDWKsUh,,,,,34.4329071044921875,-119.83709716796875,anonymous,EN,1045,19,Female,,Asian,,Undergraduate student,somewhat relevant,somewhat relevant,not very relevant,somewhat relevant,very relevant,not at all relevant,very relevant,extremely relevant,somewhat relevant,not very relevant,not very relevant,very relevant,very relevant,somewhat relevant,very relevant,not at all relevant,moderately agree,moderately agree,moderately disagree,slightly disagree,slightly disagree,moderately agree,strongly agree,slightly agree,slightly agree,slightly disagree,slightly disagree,slightly disagree,slightly disagree,slightly disagree,slightly agree,slightly agree,False,True,False,True,True,True,False,True,True,True,False,False,True,Slightly disgusting,Very disgusting,Very disgusting,Very disgusting,Slightly disgusting,Very disgusting,Very disgusting,Very disgusting,Slightly disgusting,Slightly disgusting,Not disgusting,Slightly disgusting,Yes,,,Right-handed,100,10,50,50,100,17,20,35,100,50,50,40,Somewhat Liberal,Slightly important,https://surveys.qualtrics.com/jfe/form/SV_dbqz71528jakgZv,,,,,,,
2019-09-05 17:43:40,2019-09-11 17:58:59,IP Address,128.111.149.101,100,519318,True,2019-09-11 17:58:59,R_3EEJ0ba9Hwbaflr,,,,,34.4329071044921875,-119.83709716796875,anonymous,EN,1046,20,Female,,Asian,,Undergraduate student,somewhat relevant,somewhat relevant,not very relevant,slightly relevant,slightly relevant,not at all relevant,slightly relevant,very relevant,very relevant,not very relevant,very relevant,extremely relevant,extremely relevant,slightly relevant,very relevant,not at all relevant,slightly agree,moderately agree,moderately disagree,moderately agree,slightly agree,strongly agree,strongly agree,strongly agree,moderately disagree,slightly disagree,slightly agree,slightly agree,slightly agree,slightly disagree,moderately agree,strongly disagree,False,True,False,True,True,True,False,True,True,True,False,True,True,Very disgusting,Very disgusting,Very disgusting,Slightly disgusting,Slightly disgusting,Very disgusting,Slightly disgusting,Slightly disgusting,Not disgusting,Slightly disgusting,Slightly disgusting,Not disgusting,Yes,,,Right-handed,90,50,40,30,50,20,50,50,90,50,75,30,Somewhat Liberal,Not at all important,https://surveys.qualtrics.com/jfe/form/SV_dbqz71528jakgZv,,,,,,,
2019-09-11 17:58:03,2019-09-11 18:35:59,IP Address,128.111.149.100,100,2276,True,2019-09-11 18:36:00,R_1rDFsAV6hSm42Hd,,,,,34.4329071044921875,-119.83709716796875,anonymous,EN,1047,21,Female,,White,,Undergraduate student,extremely relevant,extremely relevant,somewhat relevant,very relevant,very relevant,not very relevant,very relevant,extremely relevant,extremely relevant,very relevant,somewhat relevant,extremely relevant,very relevant,very relevant,very relevant,very relevant,moderately agree,moderately agree,moderately agree,moderately agree,slightly agree,strongly agree,strongly agree,moderately agree,strongly agree,slightly agree,moderately agree,slightly agree,moderately disagree,moderately agree,moderately agree,moderately disagree,True,True,False,True,True,True,False,True,False,False,False,True,True,Very disgusting,Slightly disgusting,Slightly disgusting,Slightly disgusting,Slightly disgusting,Very disgusting,Very disgusting,Very disgusting,Not disgusting,Very disgusting,Not disgusting,Not disgusting,Yes,,,Right-handed,50,60,61,67,80,15,100,100,97,91,100,100,Somewhat Liberal,Moderately important,https://surveys.qualtrics.com/jfe/form/SV_dbqz71528jakgZv,,,,,,,
2019-09-11 17:58:56,2019-09-11 18:36:25,IP Address,128.111.149.102,100,2248,True,2019-09-11 18:36:25,R_RwVLLE6XxuwZJDz,,,,,34.4329071044921875,-119.83709716796875,anonymous,EN,1049,20,Female,,Asian,,Undergraduate student,extremely relevant,very relevant,somewhat relevant,not very relevant,somewhat relevant,not at all relevant,somewhat relevant,very relevant,very relevant,not very relevant,very relevant,somewhat relevant,not very relevant,very relevant,very relevant,slightly relevant,strongly agree,strongly agree,strongly agree,slightly disagree,slightly agree,slightly agree,strongly agree,moderately agree,moderately agree,slightly agree,moderately agree,strongly agree,slightly agree,moderately disagree,slightly disagree,slightly agree,False,True,False,False,True,False,True,False,True,True,True,True,True,Not disgusting,Very disgusting,Very disgusting,Very disgusting,Slightly disgusting,Slightly disgusting,Not disgusting,Very disgusting,Slightly disgusting,Slightly disgusting,Not disgusting,Very disgusting,No,0-5 years old,I do not feel comfortable speaking English,Right-handed,49,66,30,62,100,0,57,14,18,46,36,48,Somewhat Liberal,Slightly important,https://surveys.qualtrics.com/jfe/form/SV_dbqz71528jakgZv,,,,,,,
2019-09-11 18:00:16,2019-09-11 18:41:49,IP Address,128.111.149.103,100,2493,True,2019-09-11 18:41:50,R_28Ccbd2qeBSN3WR,,,,,34.4329071044921875,-119.83709716796875,anonymous,EN,1050,20,Male,,Other,Middle eastern and also why is this never an option come on guys its 2019,Undergraduate student,extremely relevant,extremely relevant,not at all relevant,not very relevant,very relevant,not at all relevant,somewhat relevant,very relevant,somewhat relevant,not very relevant,slightly relevant,very relevant,extremely relevant,slightly relevant,not very relevant,very relevant,moderately agree,strongly agree,moderately disagree,moderately agree,moderately disagree,strongly agree,moderately disagree,slightly disagree,moderately disagree,moderately disagree,slightly disagree,slightly disagree,moderately agree,moderately disagree,slightly disagree,slightly agree,True,True,False,True,True,True,False,True,True,False,False,False,False,Very disgusting,Slightly disgusting,Very disgusting,Very disgusting,Slightly disgusting,Very disgusting,Very disgusting,Slightly disgusting,Not disgusting,Very disgusting,Not disgusting,Not disgusting,Yes,,,Right-handed,20,60,15,65,50,10,20,15,70,60,40,30,Somewhat Liberal,Extremely important,https://surveys.qualtrics.com/jfe/form/SV_dbqz71528jakgZv,,,,,,,
2019-09-11 17:59:02,2019-09-11 18:42:17,IP Address,128.111.149.101,100,2595,True,2019-09-11 18:42:18,R_1N4SahEGM2VmMwD,,,,,34.4329071044921875,-119.83709716796875,anonymous,EN,1048,24,Female,,Asian,,Undergraduate student,slightly relevant,slightly relevant,not very relevant,slightly relevant,slightly relevant,somewhat relevant,slightly relevant,slightly relevant,slightly relevant,slightly relevant,somewhat relevant,slightly relevant,slightly relevant,slightly relevant,somewhat relevant,slightly relevant,slightly agree,slightly agree,strongly agree,moderately agree,strongly agree,moderately agree,moderately agree,moderately agree,strongly agree,slightly agree,moderately agree,strongly agree,moderately agree,moderately agree,slightly agree,moderately agree,False,True,False,False,True,False,False,True,True,False,False,True,True,Slightly disgusting,Very disgusting,Slightly disgusting,Very disgusting,Slightly disgusting,Very disgusting,Not disgusting,Slightly disgusting,Slightly disgusting,Very disgusting,Very disgusting,Slightly disgusting,No,10-15 years old,16 years or older,Right-handed,41,41,46,59,42,50,20,34,29,70,71,41,Somewhat Liberal,Slightly important,https://surveys.qualtrics.com/jfe/form/SV_dbqz71528jakgZv,,,,,,,
2019-09-11 18:00:34,2019-09-11 18:45:47,IP Address,128.111.149.104,100,2712,True,2019-09-11 18:45:47,R_1g0XeHAFzIU4sLA,,,,,34.4329071044921875,-119.83709716796875,anonymous,EN,1051,21,Female,,Hispanic or Latino,,Undergraduate student,extremely relevant,extremely relevant,not at all relevant,slightly relevant,not at all relevant,not at all relevant,somewhat relevant,extremely relevant,not at all relevant,not at all relevant,somewhat relevant,extremely relevant,slightly relevant,not at all relevant,somewhat relevant,not at all relevant,moderately agree,strongly agree,strongly disagree,slightly disagree,slightly agree,strongly agree,moderately agree,strongly disagree,strongly disagree,strongly disagree,strongly disagree,moderately agree,moderately agree,strongly disagree,moderately disagree,slightly disagree,False,False,False,False,True,True,True,True,False,False,False,False,True,Slightly disgusting,Very disgusting,Very disgusting,Very disgusting,Slightly disgusting,Very disgusting,Very disgusting,Very disgusting,Not disgusting,Not disgusting,Not disgusting,Not disgusting,Yes,,,Right-handed,100,62,32,46,100,,40,36,54,22,39,,Strongly Liberal,Not at all important,https://surveys.qualtrics.com/jfe/form/SV_dbqz71528jakgZv,,,,,,,
2019-09-12 15:49:06,2019-09-12 16:35:02,IP Address,128.111.149.104,100,2755,True,2019-09-12 16:35:03,R_uyu4edkTkHW8vXr,,,,,34.4329071044921875,-119.83709716796875,anonymous,EN,1056,21,Male,,White,,Undergraduate student,somewhat relevant,very relevant,not very relevant,very relevant,very relevant,not at all relevant,very relevant,extremely relevant,very relevant,somewhat relevant,somewhat relevant,very relevant,very relevant,very relevant,somewhat relevant,not at all relevant,moderately disagree,slightly agree,slightly agree,slightly agree,slightly disagree,moderately agree,strongly agree,moderately disagree,moderately agree,slightly agree,moderately agree,slightly disagree,moderately agree,slightly agree,moderately agree,slightly agree,False,False,False,False,False,True,False,True,True,False,True,False,False,Very disgusting,Very disgusting,Very disgusting,Slightly disgusting,Not disgusting,Very disgusting,Very disgusting,Very disgusting,Not disgusting,Not disgusting,Slightly disgusting,Not disgusting,Yes,,,Right-handed,31,69,66,49,33,49,50,51,60,64,60,56,Neither Liberal Nor Conservative,Not at all important,https://surveys.qualtrics.com/jfe/form/SV_dbqz71528jakgZv,,,,,,,
2019-09-12 15:47:09,2019-09-12 16:35:15,IP Address,128.111.149.102,100,2885,True,2019-09-12 16:35:15,R_24nRjypyDRhxyii,,,,,34.4329071044921875,-119.83709716796875,anonymous,EN,1054,21,Female,,White,,Undergraduate student,very relevant,very relevant,not very relevant,not very relevant,not very relevant,not at all relevant,not very relevant,not very relevant,not very relevant,not at all relevant,slightly relevant,slightly relevant,not very relevant,slightly relevant,slightly relevant,not at all relevant,moderately agree,strongly agree,moderately disagree,slightly agree,moderately disagree,slightly disagree,moderately agree,slightly disagree,slightly agree,strongly disagree,strongly disagree,moderately agree,slightly disagree,moderately disagree,moderately disagree,slightly disagree,False,False,False,False,True,True,False,True,True,True,True,False,True,Slightly disgusting,Very disgusting,Very disgusting,Not disgusting,Not disgusting,Very disgusting,Very disgusting,Not disgusting,Not disgusting,Very disgusting,Not disgusting,Not disgusting,Yes,,,Right-handed,95,,74,,,51,,32,,52,,,Somewhat Conservative,Slightly important,https://surveys.qualtrics.com/jfe/form/SV_dbqz71528jakgZv,,,,,,,
2019-09-12 15:46:32,2019-09-12 16:35:50,IP Address,128.111.149.101,100,2958,True,2019-09-12 16:35:51,R_21tWJcviGIAqDso,,,,,34.4329071044921875,-119.83709716796875,anonymous,EN,7352867,23,Female,,Other,Middle Eastern,Undergraduate student,very relevant,somewhat relevant,slightly relevant,somewhat relevant,very relevant,not at all relevant,extremely relevant,extremely relevant,extremely relevant,somewhat relevant,somewhat relevant,extremely relevant,extremely relevant,somewhat relevant,somewhat relevant,slightly relevant,strongly agree,strongly agree,slightly agree,slightly agree,slightly disagree,strongly agree,strongly agree,strongly agree,strongly disagree,slightly disagree,moderately disagree,moderately disagree,slightly disagree,strongly disagree,slightly disagree,slightly agree,False,False,True,False,True,True,False,False,False,True,True,True,True,Very disgusting,Slightly disgusting,Very disgusting,Slightly disgusting,Very disgusting,Very disgusting,Slightly disgusting,Slightly disgusting,Not disgusting,Very disgusting,Not disgusting,Not disgusting,Yes,,,Left-handed,,19,54,73,100,1,100,60,31,69,100,68,Somewhat Liberal,Moderately important,https://surveys.qualtrics.com/jfe/form/SV_dbqz71528jakgZv,,,,,,,
2019-09-12 15:47:50,2019-09-12 16:41:18,IP Address,128.111.149.103,100,3208,True,2019-09-12 16:41:18,R_330TQtBvlvBvEUW,,,,,34.4329071044921875,-119.83709716796875,anonymous,EN,1055,21,Female,,Asian,,Undergraduate student,slightly relevant,somewhat relevant,not very relevant,slightly relevant,somewhat relevant,not at all relevant,slightly relevant,somewhat relevant,somewhat relevant,not very relevant,not at all relevant,not at all relevant,not at all relevant,not at all relevant,very relevant,not at all relevant,slightly agree,strongly agree,slightly agree,moderately disagree,moderately disagree,strongly agree,strongly disagree,slightly agree,strongly disagree,strongly disagree,strongly disagree,slightly disagree,strongly disagree,moderately disagree,slightly disagree,slightly disagree,True,True,False,True,True,True,False,True,True,True,False,True,True,Very disgusting,Very disgusting,Slightly disgusting,Very disgusting,Very disgusting,Very disgusting,Very disgusting,Very disgusting,Very disgusting,Very disgusting,Very disgusting,Very disgusting,No,6-9 years old,16 years or older,Right-handed,50,71,100,0,86,51,51,0,52,100,90,51,Neither Liberal Nor Conservative,Not at all important,https://surveys.qualtrics.com/jfe/form/SV_dbqz71528jakgZv,,,,,,,
2019-09-12 15:49:11,2019-09-12 17:23:56,IP Address,128.111.149.105,100,5685,True,2019-09-12 17:23:56,R_OfF4pLuW6ARVjvb,,,,,34.4329071044921875,-119.83709716796875,anonymous,EN,1057,20,Female,,Hispanic or Latino,,Undergraduate student,somewhat relevant,somewhat relevant,somewhat relevant,somewhat relevant,somewhat relevant,somewhat relevant,somewhat relevant,somewhat relevant,somewhat relevant,somewhat relevant,somewhat relevant,somewhat relevant,somewhat relevant,somewhat relevant,somewhat relevant,somewhat relevant,strongly agree,strongly agree,moderately disagree,strongly agree,strongly agree,strongly agree,strongly agree,strongly agree,strongly agree,strongly agree,strongly agree,moderately agree,strongly agree,strongly agree,strongly agree,strongly agree,False,True,False,True,True,True,False,True,True,True,True,True,True,Very disgusting,Very disgusting,Very disgusting,Very disgusting,Very disgusting,Very disgusting,Not disgusting,Very disgusting,Very disgusting,Very disgusting,Slightly disgusting,Very disgusting,Yes,,,Right-handed,30,71,72,53,86,29,86,61,100,100,100,100,Somewhat Conservative,Very important,https://surveys.qualtrics.com/jfe/form/SV_dbqz71528jakgZv,,,,,,,
2019-09-12 17:48:49,2019-09-12 18:36:40,IP Address,128.111.149.102,100,2871,True,2019-09-12 18:36:41,R_2axGbhULLbOgyQa,,,,,34.4329071044921875,-119.83709716796875,anonymous,EN,1060,19,Female,,Asian,,Undergraduate student,slightly relevant,somewhat relevant,somewhat relevant,somewhat relevant,somewhat relevant,slightly relevant,very relevant,very relevant,extremely relevant,not very relevant,extremely relevant,extremely relevant,not at all relevant,somewhat relevant,somewhat relevant,not at all relevant,slightly agree,moderately agree,strongly agree,strongly agree,strongly agree,strongly agree,strongly agree,moderately agree,strongly agree,moderately agree,moderately disagree,strongly agree,moderately disagree,strongly agree,strongly agree,moderately agree,False,True,False,True,True,False,True,True,True,False,False,True,True,Slightly disgusting,Very disgusting,Very disgusting,Very disgusting,Very disgusting,Very disgusting,Very disgusting,Very disgusting,Not disgusting,Slightly disgusting,Not disgusting,Slightly disgusting,No,6-9 years old,10-15 years old,Right-handed,20,61,82,50,50,4,90,90,71,80,100,100,,Not at all important,https://surveys.qualtrics.com/jfe/form/SV_dbqz71528jakgZv,,,,,,,
2019-09-12 17:47:46,2019-09-12 18:40:01,IP Address,128.111.149.100,100,3135,True,2019-09-12 18:40:02,R_1eJIGtTWgtrL9fY,,,,,34.4329071044921875,-119.83709716796875,anonymous,EN,1058,23,Male,,White,,Undergraduate student,very relevant,very relevant,somewhat relevant,very relevant,slightly relevant,slightly relevant,very relevant,very relevant,very relevant,somewhat relevant,somewhat relevant,very relevant,extremely relevant,extremely relevant,very relevant,somewhat relevant,strongly agree,strongly agree,slightly agree,strongly agree,slightly disagree,strongly agree,strongly agree,strongly agree,strongly agree,slightly agree,moderately agree,moderately agree,slightly disagree,strongly agree,moderately disagree,slightly disagree,False,True,False,False,False,True,False,True,True,False,True,True,True,Very disgusting,Slightly disgusting,Very disgusting,Very disgusting,Slightly disgusting,Very disgusting,Very disgusting,Very disgusting,Slightly disgusting,Very disgusting,Not disgusting,Not disgusting,Yes,,,Right-handed,50,40,90,50,50,75,75,60,50,100,100,90,Neither Liberal Nor Conservative,Slightly important,https://surveys.qualtrics.com/jfe/form/SV_dbqz71528jakgZv,,,,,,,
2019-09-12 17:48:14,2019-09-12 18:45:35,IP Address,128.111.149.101,100,3440,True,2019-09-12 18:45:36,R_32WpgKmQsmMw7eb,,,,,34.4329071044921875,-119.83709716796875,anonymous,EN,1059,22,Female,,Asian,,Undergraduate student,very relevant,somewhat relevant,not at all relevant,not at all relevant,not very relevant,not at all relevant,somewhat relevant,somewhat relevant,slightly relevant,not at all relevant,somewhat relevant,very relevant,very relevant,somewhat relevant,somewhat relevant,not at all relevant,strongly agree,moderately agree,strongly agree,moderately disagree,moderately disagree,strongly agree,slightly agree,moderately agree,moderately disagree,strongly disagree,strongly disagree,moderately disagree,moderately disagree,strongly disagree,moderately disagree,strongly disagree,False,True,False,False,False,True,False,True,True,False,False,False,True,Slightly disgusting,Very disgusting,Very disgusting,Very disgusting,Slightly disgusting,Very disgusting,Very disgusting,Very disgusting,Slightly disgusting,Slightly disgusting,Slightly disgusting,Not disgusting,Yes,,,Right-handed,100,64,24,24,100,1,50,18,82,79,100,2,Somewhat Liberal,Not at all important,https://surveys.qualtrics.com/jfe/form/SV_dbqz71528jakgZv,,,,,,,
